id,user_id,meal_id,date_ordered,date_received
1,217,326,9/5/2021,3/27/2021
2,332,249,12/4/2020,8/7/2021
3,444,836,2/28/2021,12/7/2020
4,147,730,3/2/2021,10/9/2021
5,312,512,12/12/2020,2/5/2021
6,330,372,9/30/2021,7/11/2021
7,113,402,10/14/2021,9/30/2021
8,14,802,12/17/2020,10/21/2020
9,383,609,12/16/2020,5/26/2021
10,12,796,2/21/2021,10/26/2020
11,409,735,11/21/2020,9/17/2021
12,460,381,11/21/2020,5/9/2021
13,80,482,8/8/2021,2/27/2021
14,275,487,4/16/2021,4/14/2021
15,61,284,11/10/2020,3/22/2021
16,443,194,3/18/2021,3/22/2021
17,387,494,5/22/2021,1/26/2021
18,377,931,5/17/2021,5/7/2021
19,134,509,1/2/2021,1/6/2021
20,299,40,9/24/2021,12/17/2020
21,482,231,7/29/2021,4/21/2021
22,99,418,5/14/2021,7/29/2021
23,68,172,6/21/2021,7/26/2021
24,179,736,10/22/2020,11/23/2020
25,43,507,9/27/2021,10/1/2021
26,39,634,1/11/2021,6/18/2021
27,103,541,10/16/2021,8/18/2021
28,325,71,8/16/2021,6/21/2021
29,311,637,5/24/2021,12/16/2020
30,150,18,6/10/2021,5/31/2021
31,91,154,7/7/2021,4/7/2021
32,103,201,2/14/2021,10/26/2020
33,106,463,11/24/2020,10/6/2021
34,475,977,7/30/2021,11/22/2020
35,324,176,4/27/2021,1/11/2021
36,212,712,7/27/2021,3/4/2021
37,398,991,8/7/2021,11/21/2020
38,59,24,1/3/2021,5/25/2021
39,487,653,2/25/2021,12/14/2020
40,123,418,3/6/2021,1/20/2021
41,416,466,1/13/2021,7/31/2021
42,465,833,3/9/2021,9/14/2021
43,416,16,4/29/2021,9/26/2021
44,144,257,3/2/2021,6/9/2021
45,38,588,1/30/2021,6/7/2021
46,101,490,4/12/2021,11/30/2020
47,56,102,10/22/2020,3/17/2021
48,410,807,6/28/2021,1/19/2021
49,303,778,4/23/2021,6/5/2021
50,222,797,10/20/2020,12/8/2020
51,21,257,9/30/2021,10/9/2021
52,135,430,3/11/2021,1/27/2021
53,213,396,1/30/2021,5/3/2021
54,38,621,10/7/2021,5/27/2021
55,229,698,12/11/2020,8/4/2021
56,188,40,6/10/2021,5/22/2021
57,263,212,7/15/2021,5/22/2021
58,197,190,4/5/2021,7/12/2021
59,470,785,4/11/2021,5/4/2021
60,252,527,5/24/2021,2/13/2021
61,199,675,1/14/2021,1/24/2021
62,471,452,10/23/2020,7/29/2021
63,273,55,5/1/2021,2/10/2021
64,187,352,1/20/2021,11/14/2020
65,336,35,3/8/2021,5/17/2021
66,226,468,1/23/2021,6/19/2021
67,478,479,7/29/2021,4/18/2021
68,296,673,9/29/2021,11/14/2020
69,214,57,8/12/2021,8/22/2021
70,75,933,1/17/2021,11/6/2020
71,139,652,11/26/2020,5/24/2021
72,334,9,4/7/2021,1/8/2021
73,232,221,12/9/2020,6/7/2021
74,363,562,1/5/2021,3/13/2021
75,50,412,5/1/2021,12/29/2020
76,406,551,12/23/2020,11/19/2020
77,255,418,10/7/2021,11/19/2020
78,115,511,4/18/2021,7/14/2021
79,24,977,1/5/2021,12/19/2020
80,302,369,4/29/2021,9/1/2021
81,15,69,1/30/2021,12/7/2020
82,320,54,10/12/2021,10/15/2021
83,306,237,11/28/2020,9/25/2021
84,432,282,1/17/2021,11/24/2020
85,431,103,2/20/2021,7/4/2021
86,24,339,1/29/2021,4/30/2021
87,241,45,10/31/2020,10/27/2020
88,148,620,9/27/2021,2/13/2021
89,187,318,8/4/2021,9/2/2021
90,299,696,8/15/2021,1/7/2021
91,17,184,2/28/2021,2/24/2021
92,263,892,6/11/2021,8/4/2021
93,485,859,4/27/2021,12/17/2020
94,442,561,12/9/2020,12/12/2020
95,338,406,10/31/2020,9/9/2021
96,334,69,4/5/2021,9/22/2021
97,408,406,3/31/2021,3/15/2021
98,426,840,5/19/2021,1/14/2021
99,191,163,10/17/2021,1/11/2021
100,315,8,4/15/2021,3/29/2021
101,248,511,10/21/2020,3/16/2021
102,210,945,1/10/2021,1/12/2021
103,108,806,8/18/2021,7/16/2021
104,311,159,8/12/2021,8/8/2021
105,306,146,11/22/2020,3/22/2021
106,376,153,11/24/2020,1/18/2021
107,396,727,11/26/2020,7/26/2021
108,387,977,5/27/2021,9/12/2021
109,175,268,6/22/2021,3/30/2021
110,154,886,4/19/2021,9/20/2021
111,496,830,6/23/2021,6/5/2021
112,248,390,4/28/2021,10/27/2020
113,473,301,3/17/2021,1/6/2021
114,265,89,4/17/2021,1/21/2021
115,136,46,5/10/2021,1/14/2021
116,316,432,2/15/2021,6/28/2021
117,485,497,12/2/2020,12/7/2020
118,264,944,4/10/2021,4/11/2021
119,202,7,5/28/2021,3/10/2021
120,257,77,10/25/2020,8/11/2021
121,423,461,3/11/2021,5/25/2021
122,13,443,11/25/2020,5/16/2021
123,351,975,6/26/2021,8/5/2021
124,399,354,3/12/2021,12/7/2020
125,471,917,7/10/2021,2/27/2021
126,394,413,9/16/2021,5/14/2021
127,205,898,11/20/2020,5/26/2021
128,55,470,3/21/2021,2/5/2021
129,439,434,11/5/2020,11/15/2020
130,186,304,11/14/2020,9/1/2021
131,169,536,12/10/2020,10/25/2020
132,100,527,12/5/2020,1/10/2021
133,346,521,3/20/2021,10/29/2020
134,340,99,10/14/2021,8/24/2021
135,372,822,2/19/2021,12/9/2020
136,34,662,11/7/2020,4/1/2021
137,26,349,6/1/2021,5/30/2021
138,183,15,1/9/2021,2/25/2021
139,369,890,6/3/2021,3/31/2021
140,79,584,12/25/2020,11/22/2020
141,47,62,6/19/2021,8/13/2021
142,433,568,12/14/2020,6/5/2021
143,167,183,10/5/2021,7/7/2021
144,133,354,9/22/2021,12/15/2020
145,305,982,11/13/2020,4/21/2021
146,127,875,12/24/2020,11/3/2020
147,437,643,4/8/2021,2/4/2021
148,41,224,5/9/2021,8/31/2021
149,263,798,12/16/2020,12/17/2020
150,302,740,10/29/2020,8/27/2021
151,137,226,12/5/2020,9/28/2021
152,178,613,10/26/2020,5/24/2021
153,458,441,9/14/2021,12/5/2020
154,438,309,1/18/2021,3/1/2021
155,157,111,4/23/2021,9/18/2021
156,286,433,9/16/2021,8/9/2021
157,1,705,1/6/2021,11/19/2020
158,61,291,10/8/2021,3/24/2021
159,423,3,1/16/2021,10/28/2020
160,136,791,6/27/2021,3/13/2021
161,257,301,10/17/2021,4/4/2021
162,36,612,7/28/2021,7/26/2021
163,216,112,6/3/2021,4/13/2021
164,114,415,10/29/2020,8/4/2021
165,268,228,10/25/2020,9/13/2021
166,85,28,11/19/2020,4/17/2021
167,320,380,6/13/2021,5/18/2021
168,364,7,8/8/2021,9/28/2021
169,27,760,4/23/2021,1/14/2021
170,471,49,8/28/2021,4/27/2021
171,168,753,10/9/2021,11/10/2020
172,26,337,5/8/2021,10/12/2021
173,229,546,1/15/2021,8/1/2021
174,120,771,10/10/2021,9/24/2021
175,320,45,9/1/2021,7/26/2021
176,476,896,9/12/2021,6/21/2021
177,34,441,10/21/2020,1/5/2021
178,56,129,1/30/2021,12/26/2020
179,199,348,2/6/2021,5/26/2021
180,307,252,8/24/2021,9/3/2021
181,237,683,12/7/2020,9/19/2021
182,318,657,12/15/2020,8/10/2021
183,154,605,9/20/2021,3/9/2021
184,235,755,9/6/2021,7/18/2021
185,384,236,5/28/2021,4/24/2021
186,286,41,1/5/2021,9/1/2021
187,143,723,8/12/2021,6/7/2021
188,377,687,7/1/2021,11/29/2020
189,322,804,7/18/2021,5/1/2021
190,33,657,7/29/2021,9/20/2021
191,70,418,7/7/2021,2/10/2021
192,255,413,2/4/2021,4/9/2021
193,397,569,8/13/2021,9/9/2021
194,152,564,4/26/2021,10/28/2020
195,308,373,1/29/2021,7/3/2021
196,379,248,6/24/2021,6/13/2021
197,193,638,2/4/2021,5/18/2021
198,312,403,1/28/2021,8/23/2021
199,275,794,12/29/2020,8/21/2021
200,174,84,1/30/2021,3/15/2021
201,296,354,9/7/2021,2/3/2021
202,56,269,7/2/2021,1/18/2021
203,208,674,7/25/2021,12/1/2020
204,237,910,6/29/2021,1/1/2021
205,434,370,3/11/2021,1/6/2021
206,203,477,3/30/2021,7/9/2021
207,82,947,12/30/2020,3/10/2021
208,122,5,9/15/2021,4/24/2021
209,214,622,1/17/2021,3/6/2021
210,179,306,12/13/2020,1/2/2021
211,410,972,2/22/2021,10/6/2021
212,29,133,6/5/2021,6/16/2021
213,268,77,11/18/2020,8/29/2021
214,343,723,2/12/2021,7/30/2021
215,381,410,7/20/2021,4/24/2021
216,253,987,8/19/2021,11/25/2020
217,62,225,4/17/2021,7/1/2021
218,421,907,1/7/2021,12/27/2020
219,481,150,10/12/2021,12/13/2020
220,244,913,5/29/2021,8/8/2021
221,270,381,1/12/2021,6/2/2021
222,477,952,2/18/2021,2/23/2021
223,216,48,8/25/2021,12/18/2020
224,227,551,4/18/2021,8/11/2021
225,23,682,8/19/2021,4/26/2021
226,207,885,7/4/2021,8/20/2021
227,5,825,8/18/2021,3/25/2021
228,161,883,5/15/2021,7/14/2021
229,315,461,12/17/2020,8/24/2021
230,431,187,10/22/2020,11/4/2020
231,486,723,3/27/2021,2/8/2021
232,320,958,10/21/2020,4/20/2021
233,27,324,5/22/2021,11/21/2020
234,217,263,4/14/2021,12/17/2020
235,220,694,6/3/2021,2/7/2021
236,147,151,11/19/2020,6/6/2021
237,252,96,7/23/2021,6/4/2021
238,68,693,3/18/2021,9/19/2021
239,40,201,12/30/2020,6/15/2021
240,184,10,6/1/2021,6/17/2021
241,147,210,11/7/2020,6/11/2021
242,426,893,6/4/2021,9/3/2021
243,283,368,7/13/2021,8/18/2021
244,44,343,1/17/2021,5/2/2021
245,408,315,8/8/2021,12/6/2020
246,424,583,8/15/2021,12/12/2020
247,229,993,9/11/2021,8/18/2021
248,211,219,12/21/2020,5/21/2021
249,192,602,1/20/2021,4/29/2021
250,344,999,6/19/2021,7/29/2021
251,425,949,1/16/2021,9/6/2021
252,31,895,2/20/2021,6/3/2021
253,51,996,12/30/2020,5/25/2021
254,471,993,12/23/2020,10/26/2020
255,349,687,2/16/2021,11/30/2020
256,403,11,11/14/2020,4/7/2021
257,140,782,8/20/2021,1/30/2021
258,231,728,6/28/2021,8/19/2021
259,86,441,3/31/2021,2/21/2021
260,33,645,12/9/2020,3/29/2021
261,367,569,11/5/2020,5/11/2021
262,323,388,9/23/2021,2/21/2021
263,104,631,1/5/2021,8/10/2021
264,139,225,4/27/2021,1/25/2021
265,406,846,8/12/2021,4/29/2021
266,259,898,3/2/2021,3/14/2021
267,387,163,4/14/2021,10/28/2020
268,331,654,1/28/2021,1/31/2021
269,5,622,9/10/2021,6/12/2021
270,205,441,8/19/2021,4/25/2021
271,454,345,6/14/2021,6/18/2021
272,32,661,12/16/2020,6/25/2021
273,345,21,6/30/2021,1/9/2021
274,346,571,12/6/2020,10/8/2021
275,77,844,5/16/2021,9/26/2021
276,251,157,4/7/2021,10/7/2021
277,72,248,8/12/2021,2/14/2021
278,486,564,12/14/2020,4/7/2021
279,375,845,6/18/2021,3/14/2021
280,175,195,9/26/2021,9/24/2021
281,199,168,3/21/2021,10/22/2020
282,197,360,3/13/2021,9/18/2021
283,438,76,2/2/2021,1/4/2021
284,197,526,6/13/2021,1/18/2021
285,30,303,3/1/2021,5/18/2021
286,349,378,12/16/2020,9/30/2021
287,456,264,9/5/2021,7/10/2021
288,287,463,7/3/2021,8/11/2021
289,153,463,11/11/2020,1/13/2021
290,272,184,12/10/2020,3/21/2021
291,102,866,8/4/2021,3/23/2021
292,341,598,12/10/2020,12/14/2020
293,102,450,8/19/2021,1/6/2021
294,351,242,8/27/2021,8/7/2021
295,229,621,7/30/2021,2/21/2021
296,183,69,5/26/2021,8/14/2021
297,492,736,11/12/2020,4/14/2021
298,420,279,5/10/2021,6/20/2021
299,69,495,8/8/2021,7/5/2021
300,472,571,6/21/2021,11/6/2020
301,445,45,1/16/2021,9/10/2021
302,249,745,1/2/2021,4/9/2021
303,35,14,1/16/2021,3/9/2021
304,84,711,3/23/2021,3/26/2021
305,290,596,6/3/2021,2/20/2021
306,146,349,2/24/2021,4/30/2021
307,177,711,7/27/2021,6/4/2021
308,237,571,5/19/2021,12/8/2020
309,251,973,4/18/2021,12/18/2020
310,367,551,6/3/2021,4/20/2021
311,220,12,6/17/2021,4/12/2021
312,133,122,4/17/2021,5/9/2021
313,214,314,10/6/2021,12/27/2020
314,396,442,1/13/2021,10/20/2020
315,318,867,11/8/2020,12/31/2020
316,241,899,8/8/2021,4/11/2021
317,48,744,11/24/2020,7/29/2021
318,133,363,7/6/2021,12/3/2020
319,400,545,9/8/2021,5/7/2021
320,370,925,1/10/2021,9/7/2021
321,454,877,3/16/2021,6/29/2021
322,273,121,5/4/2021,1/12/2021
323,92,657,12/26/2020,4/15/2021
324,328,183,3/18/2021,2/16/2021
325,341,338,7/18/2021,3/20/2021
326,198,128,2/17/2021,10/10/2021
327,399,405,12/15/2020,5/3/2021
328,372,142,9/3/2021,1/5/2021
329,439,403,8/5/2021,3/3/2021
330,447,687,4/18/2021,5/6/2021
331,363,946,7/21/2021,4/23/2021
332,304,680,1/9/2021,4/5/2021
333,350,86,1/11/2021,12/29/2020
334,361,886,8/22/2021,6/25/2021
335,334,315,9/13/2021,4/2/2021
336,118,686,9/25/2021,9/8/2021
337,182,377,5/4/2021,2/6/2021
338,411,181,9/7/2021,2/18/2021
339,240,545,4/26/2021,5/12/2021
340,196,415,3/16/2021,8/13/2021
341,36,431,8/2/2021,2/18/2021
342,469,507,7/29/2021,11/14/2020
343,435,173,4/17/2021,12/4/2020
344,8,360,5/20/2021,9/27/2021
345,383,805,6/4/2021,6/6/2021
346,1,148,3/1/2021,12/17/2020
347,315,798,5/15/2021,1/13/2021
348,43,778,3/15/2021,9/16/2021
349,308,434,3/2/2021,1/23/2021
350,35,353,1/31/2021,5/16/2021
351,242,744,4/6/2021,8/10/2021
352,245,722,3/4/2021,3/22/2021
353,230,441,12/22/2020,3/7/2021
354,341,697,1/14/2021,1/18/2021
355,443,528,6/10/2021,5/6/2021
356,446,935,11/19/2020,2/5/2021
357,343,525,9/18/2021,10/28/2020
358,24,41,5/12/2021,5/27/2021
359,85,841,5/8/2021,6/17/2021
360,393,893,3/21/2021,5/5/2021
361,105,306,11/5/2020,6/30/2021
362,384,934,4/21/2021,5/27/2021
363,143,669,7/2/2021,8/25/2021
364,120,692,1/27/2021,7/2/2021
365,338,726,10/25/2020,12/2/2020
366,426,184,11/13/2020,11/25/2020
367,192,213,8/29/2021,2/5/2021
368,337,22,3/14/2021,10/13/2021
369,322,656,5/26/2021,10/24/2020
370,291,159,1/2/2021,3/30/2021
371,457,323,5/10/2021,2/28/2021
372,333,375,3/22/2021,10/25/2020
373,173,652,5/6/2021,5/24/2021
374,199,55,3/1/2021,7/7/2021
375,470,580,7/18/2021,9/1/2021
376,329,162,6/1/2021,11/19/2020
377,164,928,3/19/2021,9/23/2021
378,210,767,4/20/2021,11/25/2020
379,251,374,3/26/2021,11/30/2020
380,354,254,3/31/2021,10/13/2021
381,424,669,9/10/2021,11/23/2020
382,163,875,6/19/2021,9/29/2021
383,17,367,4/22/2021,11/18/2020
384,129,846,7/3/2021,12/2/2020
385,7,554,7/14/2021,3/6/2021
386,355,400,5/10/2021,5/12/2021
387,177,67,10/23/2020,10/7/2021
388,166,826,9/15/2021,1/7/2021
389,216,68,1/22/2021,8/4/2021
390,476,988,6/19/2021,12/13/2020
391,74,883,2/3/2021,1/2/2021
392,54,658,1/28/2021,5/5/2021
393,439,724,2/17/2021,10/19/2020
394,485,386,11/9/2020,10/23/2020
395,115,69,9/13/2021,9/15/2021
396,196,241,10/26/2020,5/29/2021
397,184,316,11/2/2020,5/31/2021
398,56,69,12/16/2020,8/11/2021
399,412,675,6/16/2021,11/14/2020
400,17,717,4/16/2021,4/12/2021
401,129,722,10/9/2021,8/7/2021
402,9,493,8/9/2021,7/1/2021
403,141,710,9/7/2021,3/27/2021
404,434,759,11/23/2020,8/4/2021
405,66,536,12/4/2020,3/20/2021
406,500,880,8/18/2021,12/26/2020
407,126,913,11/20/2020,12/11/2020
408,288,826,2/16/2021,2/24/2021
409,393,887,4/4/2021,1/17/2021
410,249,109,6/21/2021,10/15/2021
411,452,177,4/18/2021,8/8/2021
412,320,265,12/18/2020,6/17/2021
413,410,493,7/25/2021,11/2/2020
414,202,70,12/17/2020,10/22/2020
415,32,382,4/11/2021,12/2/2020
416,15,127,4/19/2021,11/6/2020
417,79,606,8/15/2021,7/20/2021
418,429,536,8/10/2021,2/27/2021
419,132,624,9/15/2021,1/7/2021
420,37,207,3/4/2021,11/12/2020
421,147,845,7/2/2021,6/22/2021
422,105,282,2/17/2021,6/8/2021
423,174,2,4/22/2021,2/19/2021
424,405,757,6/23/2021,5/16/2021
425,262,155,7/1/2021,7/27/2021
426,39,140,1/21/2021,2/19/2021
427,196,368,11/27/2020,7/22/2021
428,61,407,7/21/2021,6/1/2021
429,180,543,6/11/2021,2/22/2021
430,55,437,3/15/2021,1/3/2021
431,166,540,3/12/2021,9/23/2021
432,173,746,7/27/2021,4/22/2021
433,384,665,6/13/2021,12/5/2020
434,31,579,3/20/2021,9/20/2021
435,305,939,10/10/2021,7/14/2021
436,319,849,7/18/2021,6/23/2021
437,493,10,2/23/2021,8/12/2021
438,461,252,4/17/2021,2/2/2021
439,30,642,8/4/2021,12/26/2020
440,421,451,11/28/2020,11/15/2020
441,339,566,12/18/2020,9/13/2021
442,353,307,6/2/2021,6/12/2021
443,253,318,4/13/2021,1/8/2021
444,21,851,4/30/2021,5/5/2021
445,11,256,9/20/2021,10/8/2021
446,314,342,9/20/2021,10/1/2021
447,137,423,5/31/2021,3/8/2021
448,19,441,11/27/2020,10/18/2021
449,257,520,2/8/2021,5/12/2021
450,300,696,1/6/2021,9/8/2021
451,179,912,8/18/2021,12/7/2020
452,348,101,9/19/2021,1/18/2021
453,344,106,7/4/2021,6/2/2021
454,104,640,1/15/2021,10/19/2020
455,254,87,5/25/2021,8/25/2021
456,229,947,12/31/2020,1/29/2021
457,134,402,5/18/2021,4/30/2021
458,329,557,4/27/2021,4/29/2021
459,190,120,10/21/2020,6/15/2021
460,59,820,11/17/2020,9/27/2021
461,378,696,4/5/2021,10/21/2020
462,55,653,4/16/2021,9/6/2021
463,82,918,8/16/2021,7/9/2021
464,435,146,9/11/2021,2/14/2021
465,13,233,6/19/2021,8/27/2021
466,244,89,8/10/2021,10/16/2021
467,477,138,9/4/2021,2/8/2021
468,160,265,2/6/2021,11/21/2020
469,396,319,11/28/2020,10/23/2020
470,98,227,8/19/2021,9/1/2021
471,104,239,4/20/2021,6/16/2021
472,490,429,7/30/2021,6/27/2021
473,59,277,6/24/2021,9/8/2021
474,99,155,5/23/2021,7/21/2021
475,469,258,4/14/2021,3/8/2021
476,229,977,12/27/2020,1/19/2021
477,28,107,1/6/2021,4/18/2021
478,471,649,8/21/2021,9/25/2021
479,16,193,4/20/2021,2/9/2021
480,401,714,5/26/2021,10/10/2021
481,198,85,1/27/2021,6/14/2021
482,137,80,5/15/2021,6/26/2021
483,222,226,1/27/2021,4/13/2021
484,317,574,2/21/2021,12/5/2020
485,259,32,6/16/2021,12/10/2020
486,98,605,9/19/2021,12/19/2020
487,16,386,11/26/2020,6/24/2021
488,431,518,3/21/2021,12/13/2020
489,72,100,12/13/2020,9/10/2021
490,199,631,11/28/2020,4/11/2021
491,471,748,2/2/2021,6/16/2021
492,213,743,7/15/2021,1/22/2021
493,480,262,8/26/2021,11/18/2020
494,9,688,9/27/2021,8/28/2021
495,364,598,11/15/2020,11/22/2020
496,343,50,11/7/2020,6/1/2021
497,160,666,8/23/2021,2/18/2021
498,93,80,9/9/2021,7/3/2021
499,437,890,3/26/2021,3/9/2021
500,457,450,5/5/2021,12/10/2020
501,191,602,3/30/2021,6/28/2021
502,334,331,11/26/2020,2/8/2021
503,212,110,1/7/2021,1/11/2021
504,470,226,1/9/2021,7/10/2021
505,42,403,9/5/2021,1/30/2021
506,281,851,10/27/2020,6/12/2021
507,330,56,6/7/2021,10/30/2020
508,336,56,7/9/2021,11/4/2020
509,157,224,2/14/2021,5/12/2021
510,171,13,5/27/2021,8/2/2021
511,454,306,5/3/2021,6/27/2021
512,44,323,10/21/2020,6/14/2021
513,278,9,5/15/2021,10/31/2020
514,14,181,1/7/2021,8/26/2021
515,311,705,5/18/2021,10/10/2021
516,73,880,6/18/2021,10/21/2020
517,208,105,11/21/2020,1/10/2021
518,325,422,12/20/2020,4/12/2021
519,289,298,1/20/2021,1/28/2021
520,297,640,4/23/2021,4/2/2021
521,293,928,4/10/2021,1/13/2021
522,329,213,1/1/2021,7/18/2021
523,353,663,3/7/2021,5/25/2021
524,472,443,5/19/2021,10/14/2021
525,237,286,10/3/2021,5/11/2021
526,326,46,4/28/2021,10/23/2020
527,18,139,8/29/2021,10/11/2021
528,498,465,8/22/2021,7/4/2021
529,189,243,5/12/2021,5/9/2021
530,165,509,7/1/2021,2/13/2021
531,319,322,6/10/2021,2/17/2021
532,410,630,12/20/2020,7/8/2021
533,370,911,11/20/2020,11/2/2020
534,423,245,5/5/2021,8/5/2021
535,441,180,5/30/2021,8/9/2021
536,224,829,10/5/2021,1/26/2021
537,34,971,5/18/2021,1/15/2021
538,79,693,11/3/2020,7/10/2021
539,266,632,10/11/2021,6/22/2021
540,495,907,10/25/2020,3/4/2021
541,417,436,1/8/2021,3/18/2021
542,59,730,11/2/2020,12/11/2020
543,267,406,5/20/2021,6/17/2021
544,374,199,10/24/2020,1/1/2021
545,314,476,11/2/2020,6/15/2021
546,110,814,10/10/2021,12/14/2020
547,337,995,7/2/2021,2/23/2021
548,190,965,1/15/2021,1/18/2021
549,337,152,10/2/2021,3/25/2021
550,217,347,4/14/2021,7/10/2021
551,131,433,12/4/2020,9/11/2021
552,449,294,12/7/2020,4/8/2021
553,61,37,1/24/2021,1/6/2021
554,101,558,7/13/2021,12/10/2020
555,336,132,11/15/2020,10/23/2020
556,195,871,2/8/2021,12/22/2020
557,484,438,12/29/2020,6/19/2021
558,37,592,12/6/2020,3/4/2021
559,485,924,12/17/2020,10/6/2021
560,116,235,11/15/2020,1/22/2021
561,453,566,6/20/2021,6/2/2021
562,186,648,9/11/2021,6/27/2021
563,81,395,2/21/2021,11/20/2020
564,199,781,3/21/2021,2/10/2021
565,303,641,12/23/2020,8/14/2021
566,500,282,5/4/2021,2/14/2021
567,481,673,10/20/2020,11/4/2020
568,484,421,6/28/2021,9/2/2021
569,272,272,11/1/2020,7/25/2021
570,130,92,8/4/2021,9/15/2021
571,144,680,12/2/2020,5/26/2021
572,267,749,2/13/2021,5/27/2021
573,74,555,1/18/2021,7/14/2021
574,480,399,12/8/2020,9/8/2021
575,148,367,12/25/2020,12/23/2020
576,145,289,1/15/2021,6/1/2021
577,177,142,4/10/2021,6/16/2021
578,396,400,8/7/2021,6/2/2021
579,412,875,5/28/2021,6/4/2021
580,352,238,11/8/2020,7/4/2021
581,373,373,7/20/2021,6/14/2021
582,352,744,3/26/2021,12/7/2020
583,24,5,11/24/2020,4/20/2021
584,335,822,10/31/2020,5/25/2021
585,69,743,2/27/2021,7/26/2021
586,408,313,8/23/2021,9/19/2021
587,473,842,12/12/2020,8/25/2021
588,27,733,6/13/2021,10/17/2021
589,452,122,8/4/2021,7/28/2021
590,471,110,6/21/2021,6/16/2021
591,299,567,10/3/2021,10/31/2020
592,470,514,11/26/2020,10/30/2020
593,258,521,6/14/2021,7/11/2021
594,228,763,9/28/2021,8/8/2021
595,283,34,3/20/2021,3/9/2021
596,104,261,7/26/2021,5/6/2021
597,283,453,10/6/2021,5/18/2021
598,371,953,12/28/2020,6/5/2021
599,57,701,3/7/2021,2/4/2021
600,208,800,12/9/2020,11/22/2020
601,10,20,7/6/2021,1/6/2021
602,90,877,1/15/2021,5/29/2021
603,388,149,1/10/2021,9/12/2021
604,316,103,9/15/2021,12/29/2020
605,307,423,4/16/2021,12/3/2020
606,52,37,5/9/2021,10/22/2020
607,166,191,1/2/2021,10/11/2021
608,214,121,1/23/2021,8/11/2021
609,247,980,6/23/2021,8/21/2021
610,129,747,12/4/2020,2/5/2021
611,292,808,8/22/2021,4/22/2021
612,45,554,7/30/2021,4/17/2021
613,131,279,8/30/2021,4/29/2021
614,244,161,10/21/2020,9/27/2021
615,398,150,8/16/2021,2/12/2021
616,70,326,10/26/2020,7/7/2021
617,275,544,3/31/2021,10/10/2021
618,445,48,12/7/2020,1/10/2021
619,188,460,5/7/2021,9/23/2021
620,440,100,3/21/2021,4/1/2021
621,189,116,6/29/2021,7/13/2021
622,52,144,1/10/2021,11/8/2020
623,243,615,3/2/2021,12/28/2020
624,340,797,3/15/2021,12/19/2020
625,110,960,12/10/2020,4/17/2021
626,76,938,10/3/2021,8/16/2021
627,124,20,11/20/2020,1/28/2021
628,345,255,8/14/2021,2/20/2021
629,235,354,1/21/2021,10/17/2021
630,242,110,1/31/2021,11/10/2020
631,212,190,1/19/2021,3/11/2021
632,30,241,9/1/2021,3/10/2021
633,91,298,2/5/2021,10/27/2020
634,363,359,6/13/2021,11/30/2020
635,144,993,2/23/2021,6/21/2021
636,304,585,3/14/2021,4/12/2021
637,138,955,10/31/2020,12/23/2020
638,224,102,5/12/2021,2/18/2021
639,351,878,12/23/2020,9/27/2021
640,118,587,4/18/2021,8/6/2021
641,99,72,12/23/2020,11/20/2020
642,58,833,12/29/2020,1/19/2021
643,156,116,2/20/2021,6/18/2021
644,204,524,11/30/2020,1/12/2021
645,104,136,7/8/2021,5/20/2021
646,73,923,8/11/2021,5/30/2021
647,79,645,9/29/2021,1/17/2021
648,425,134,6/5/2021,4/17/2021
649,12,876,11/21/2020,1/5/2021
650,247,447,3/7/2021,7/9/2021
651,425,950,10/3/2021,5/15/2021
652,474,728,2/26/2021,9/25/2021
653,75,97,3/27/2021,6/26/2021
654,306,715,7/20/2021,9/7/2021
655,318,558,6/23/2021,1/9/2021
656,500,286,9/11/2021,7/3/2021
657,306,665,11/24/2020,2/12/2021
658,420,538,1/23/2021,8/24/2021
659,178,625,7/22/2021,2/12/2021
660,142,335,5/1/2021,6/30/2021
661,203,932,10/26/2020,6/15/2021
662,436,274,12/27/2020,12/29/2020
663,324,330,5/11/2021,2/22/2021
664,361,514,8/9/2021,10/15/2021
665,297,707,8/12/2021,2/18/2021
666,34,786,10/15/2021,5/27/2021
667,454,230,11/26/2020,5/21/2021
668,318,903,3/21/2021,4/6/2021
669,455,658,8/24/2021,10/20/2020
670,437,458,6/2/2021,1/13/2021
671,79,627,4/25/2021,12/22/2020
672,31,565,10/27/2020,6/15/2021
673,490,658,6/26/2021,12/23/2020
674,160,75,12/27/2020,7/15/2021
675,25,699,5/22/2021,12/27/2020
676,325,747,7/7/2021,3/22/2021
677,325,22,7/7/2021,1/16/2021
678,291,73,8/15/2021,2/16/2021
679,254,519,1/5/2021,4/28/2021
680,200,242,4/29/2021,5/20/2021
681,205,182,4/23/2021,4/8/2021
682,128,322,9/29/2021,6/16/2021
683,468,359,1/8/2021,5/1/2021
684,420,774,3/1/2021,10/7/2021
685,431,29,9/5/2021,6/24/2021
686,473,287,2/25/2021,4/28/2021
687,467,987,7/14/2021,8/14/2021
688,486,921,10/31/2020,9/3/2021
689,233,559,10/2/2021,10/27/2020
690,79,477,10/7/2021,2/6/2021
691,22,469,1/1/2021,5/1/2021
692,54,214,7/3/2021,4/3/2021
693,158,249,12/31/2020,4/21/2021
694,269,634,4/28/2021,11/3/2020
695,500,628,1/6/2021,12/27/2020
696,368,874,9/11/2021,1/26/2021
697,468,952,11/14/2020,5/4/2021
698,305,809,5/26/2021,4/7/2021
699,268,14,7/16/2021,3/3/2021
700,243,233,6/23/2021,11/7/2020
701,352,762,6/5/2021,10/27/2020
702,169,720,2/9/2021,7/17/2021
703,318,929,3/8/2021,8/18/2021
704,201,491,4/21/2021,6/16/2021
705,419,700,12/24/2020,11/17/2020
706,250,409,10/9/2021,3/24/2021
707,72,338,12/23/2020,5/15/2021
708,494,208,6/21/2021,12/30/2020
709,306,242,9/27/2021,10/5/2021
710,337,523,12/3/2020,8/19/2021
711,211,314,5/10/2021,12/5/2020
712,474,954,4/6/2021,1/30/2021
713,272,998,5/1/2021,2/8/2021
714,485,617,5/2/2021,6/3/2021
715,261,508,11/23/2020,11/7/2020
716,168,763,3/18/2021,5/4/2021
717,61,233,1/7/2021,11/21/2020
718,218,841,2/22/2021,6/11/2021
719,335,340,12/7/2020,7/13/2021
720,224,479,2/13/2021,6/4/2021
721,33,772,10/14/2021,4/14/2021
722,195,415,5/26/2021,8/16/2021
723,449,626,6/13/2021,8/20/2021
724,402,139,6/18/2021,7/21/2021
725,134,63,6/25/2021,5/31/2021
726,250,509,8/6/2021,7/6/2021
727,489,941,1/31/2021,1/26/2021
728,416,99,6/19/2021,10/10/2021
729,212,412,1/17/2021,10/7/2021
730,87,412,7/18/2021,8/17/2021
731,18,816,10/3/2021,12/24/2020
732,262,857,12/26/2020,3/6/2021
733,360,552,5/1/2021,8/13/2021
734,165,964,3/24/2021,5/2/2021
735,290,229,11/9/2020,1/2/2021
736,374,653,3/4/2021,9/16/2021
737,83,817,8/20/2021,2/26/2021
738,454,717,8/11/2021,12/9/2020
739,21,954,12/28/2020,9/3/2021
740,346,967,8/31/2021,7/21/2021
741,312,254,3/10/2021,6/27/2021
742,224,33,4/7/2021,5/22/2021
743,473,85,4/14/2021,1/10/2021
744,355,454,2/27/2021,2/2/2021
745,57,909,8/20/2021,3/22/2021
746,374,127,12/28/2020,12/1/2020
747,403,481,6/24/2021,3/16/2021
748,322,632,1/2/2021,6/5/2021
749,34,704,7/4/2021,6/25/2021
750,266,303,10/11/2021,1/6/2021
751,430,386,12/30/2020,12/10/2020
752,422,611,12/26/2020,8/1/2021
753,465,110,8/14/2021,10/22/2020
754,10,29,3/26/2021,5/31/2021
755,447,693,10/31/2020,7/9/2021
756,257,821,2/12/2021,8/25/2021
757,212,545,7/14/2021,4/5/2021
758,470,419,10/24/2020,11/26/2020
759,284,579,12/6/2020,7/22/2021
760,393,11,12/7/2020,5/2/2021
761,272,47,11/6/2020,2/24/2021
762,196,305,11/21/2020,1/14/2021
763,461,98,8/4/2021,12/27/2020
764,180,288,6/16/2021,8/9/2021
765,336,596,3/5/2021,3/7/2021
766,68,385,3/28/2021,10/1/2021
767,315,205,5/15/2021,6/29/2021
768,51,831,12/20/2020,3/18/2021
769,228,461,11/22/2020,12/4/2020
770,445,659,10/2/2021,3/14/2021
771,104,957,3/12/2021,2/11/2021
772,9,302,6/20/2021,8/29/2021
773,55,39,10/13/2021,5/18/2021
774,121,356,5/3/2021,8/7/2021
775,451,176,2/2/2021,7/1/2021
776,266,609,3/30/2021,11/24/2020
777,99,997,8/19/2021,5/16/2021
778,294,365,2/23/2021,8/13/2021
779,236,629,6/6/2021,10/20/2020
780,195,91,7/2/2021,5/18/2021
781,11,664,11/13/2020,2/27/2021
782,213,74,1/9/2021,5/5/2021
783,211,490,1/4/2021,2/16/2021
784,288,818,4/27/2021,2/2/2021
785,337,127,11/21/2020,11/16/2020
786,349,283,1/20/2021,4/1/2021
787,435,7,1/25/2021,3/11/2021
788,395,595,2/8/2021,5/10/2021
789,8,726,6/3/2021,4/27/2021
790,159,420,11/16/2020,8/12/2021
791,96,726,3/31/2021,7/20/2021
792,206,122,1/29/2021,6/11/2021
793,348,878,7/18/2021,6/19/2021
794,156,238,3/26/2021,6/24/2021
795,107,812,4/18/2021,4/21/2021
796,376,780,9/22/2021,11/22/2020
797,95,703,7/16/2021,3/6/2021
798,453,592,6/15/2021,3/17/2021
799,360,438,9/27/2021,3/24/2021
800,110,509,3/10/2021,11/19/2020
801,150,723,8/28/2021,3/26/2021
802,347,483,11/27/2020,12/6/2020
803,11,53,3/30/2021,3/31/2021
804,253,80,4/22/2021,1/4/2021
805,242,534,2/16/2021,4/2/2021
806,371,829,6/24/2021,12/15/2020
807,273,765,8/7/2021,12/16/2020
808,186,393,12/1/2020,9/21/2021
809,414,293,8/31/2021,9/20/2021
810,320,749,12/18/2020,8/8/2021
811,479,683,12/22/2020,5/9/2021
812,454,150,7/13/2021,7/27/2021
813,372,10,8/2/2021,10/30/2020
814,307,66,2/14/2021,4/20/2021
815,281,480,3/4/2021,3/16/2021
816,138,3,6/14/2021,1/23/2021
817,166,81,8/4/2021,6/18/2021
818,391,857,1/31/2021,9/8/2021
819,143,50,4/23/2021,10/5/2021
820,492,186,4/28/2021,11/2/2020
821,79,938,2/27/2021,2/12/2021
822,425,384,8/17/2021,12/21/2020
823,171,230,9/13/2021,6/8/2021
824,123,543,9/18/2021,10/10/2021
825,361,92,9/6/2021,9/2/2021
826,214,8,2/27/2021,7/2/2021
827,213,1000,11/15/2020,6/5/2021
828,256,676,2/16/2021,10/22/2020
829,108,597,11/23/2020,12/11/2020
830,179,736,8/6/2021,10/6/2021
831,391,278,6/1/2021,6/27/2021
832,206,35,3/19/2021,2/15/2021
833,71,137,10/20/2020,7/15/2021
834,89,789,12/10/2020,4/24/2021
835,17,603,9/18/2021,12/15/2020
836,297,646,1/16/2021,6/26/2021
837,319,986,9/22/2021,7/5/2021
838,119,515,1/17/2021,10/5/2021
839,370,415,4/24/2021,4/15/2021
840,375,978,3/14/2021,4/22/2021
841,25,147,4/24/2021,4/11/2021
842,478,321,3/18/2021,5/3/2021
843,141,716,11/12/2020,6/13/2021
844,57,220,12/11/2020,6/16/2021
845,284,720,5/19/2021,12/22/2020
846,192,516,3/20/2021,3/27/2021
847,129,578,4/18/2021,6/14/2021
848,234,383,12/5/2020,8/26/2021
849,472,145,3/12/2021,9/25/2021
850,432,844,8/17/2021,1/2/2021
851,295,774,3/16/2021,12/20/2020
852,154,869,6/9/2021,8/30/2021
853,245,668,12/15/2020,1/18/2021
854,317,661,4/10/2021,6/14/2021
855,368,793,10/26/2020,3/11/2021
856,42,840,9/15/2021,2/11/2021
857,362,295,8/29/2021,7/7/2021
858,43,106,8/25/2021,11/13/2020
859,374,58,10/6/2021,12/29/2020
860,138,783,6/12/2021,1/29/2021
861,454,452,7/19/2021,9/23/2021
862,335,229,7/10/2021,5/23/2021
863,241,120,10/25/2020,3/26/2021
864,138,943,8/31/2021,7/20/2021
865,15,449,8/20/2021,5/6/2021
866,360,571,1/23/2021,5/9/2021
867,209,859,6/23/2021,9/28/2021
868,306,357,7/3/2021,5/10/2021
869,369,783,7/11/2021,10/30/2020
870,221,338,2/8/2021,9/3/2021
871,411,644,3/15/2021,11/24/2020
872,188,947,1/19/2021,9/20/2021
873,72,375,2/19/2021,10/29/2020
874,448,226,6/2/2021,2/24/2021
875,407,595,5/17/2021,6/30/2021
876,61,365,11/6/2020,12/5/2020
877,156,191,1/26/2021,3/26/2021
878,75,286,1/19/2021,10/24/2020
879,135,387,1/2/2021,7/20/2021
880,286,216,7/22/2021,3/6/2021
881,406,128,12/29/2020,11/13/2020
882,311,751,8/4/2021,10/29/2020
883,455,234,10/30/2020,7/22/2021
884,379,983,3/16/2021,4/14/2021
885,324,253,3/1/2021,10/7/2021
886,246,565,10/13/2021,8/11/2021
887,202,210,1/5/2021,11/25/2020
888,12,390,7/31/2021,10/26/2020
889,48,460,12/13/2020,12/14/2020
890,418,920,3/29/2021,11/20/2020
891,385,49,10/29/2020,6/8/2021
892,111,273,10/24/2020,6/12/2021
893,98,850,12/29/2020,10/10/2021
894,418,563,12/29/2020,9/3/2021
895,161,972,8/5/2021,2/20/2021
896,301,950,3/4/2021,2/1/2021
897,447,289,5/30/2021,12/10/2020
898,409,73,10/13/2021,7/21/2021
899,189,332,10/12/2021,7/25/2021
900,310,610,12/16/2020,7/12/2021
901,260,428,11/15/2020,3/13/2021
902,319,412,3/23/2021,10/22/2020
903,52,266,10/1/2021,4/21/2021
904,368,727,8/29/2021,6/19/2021
905,451,129,11/27/2020,11/22/2020
906,98,471,4/20/2021,11/7/2020
907,55,493,4/2/2021,9/12/2021
908,44,277,9/3/2021,11/8/2020
909,93,2,9/20/2021,12/16/2020
910,88,935,7/22/2021,7/22/2021
911,494,132,5/16/2021,7/31/2021
912,8,701,7/13/2021,11/1/2020
913,259,514,1/20/2021,9/28/2021
914,364,857,2/3/2021,1/23/2021
915,420,589,5/4/2021,2/19/2021
916,488,951,12/11/2020,9/28/2021
917,140,589,7/19/2021,5/26/2021
918,23,182,1/30/2021,3/7/2021
919,73,639,3/25/2021,7/24/2021
920,434,648,8/16/2021,9/30/2021
921,99,471,3/8/2021,9/18/2021
922,135,63,4/20/2021,10/6/2021
923,461,981,2/7/2021,4/5/2021
924,411,462,12/19/2020,1/31/2021
925,136,710,6/15/2021,6/21/2021
926,208,131,9/22/2021,1/16/2021
927,28,555,2/11/2021,8/26/2021
928,7,107,10/12/2021,12/17/2020
929,161,666,2/2/2021,6/8/2021
930,345,111,8/16/2021,1/23/2021
931,390,94,4/19/2021,5/10/2021
932,415,643,3/6/2021,2/20/2021
933,360,669,3/22/2021,10/23/2020
934,186,374,12/17/2020,1/4/2021
935,87,519,5/7/2021,7/3/2021
936,94,556,4/27/2021,4/28/2021
937,318,853,2/28/2021,10/10/2021
938,55,938,1/22/2021,5/30/2021
939,70,240,3/8/2021,11/23/2020
940,247,859,11/7/2020,1/6/2021
941,11,416,6/8/2021,8/15/2021
942,393,437,5/29/2021,7/25/2021
943,226,166,10/14/2021,7/12/2021
944,260,72,7/28/2021,12/3/2020
945,66,936,12/26/2020,5/9/2021
946,296,704,8/30/2021,1/20/2021
947,414,162,3/26/2021,3/5/2021
948,95,2,6/8/2021,7/4/2021
949,390,340,4/10/2021,12/15/2020
950,149,313,10/11/2021,9/24/2021
951,439,951,1/2/2021,9/8/2021
952,202,535,2/8/2021,8/21/2021
953,161,198,10/1/2021,12/29/2020
954,473,497,6/29/2021,6/15/2021
955,143,54,1/9/2021,3/5/2021
956,50,475,10/8/2021,9/12/2021
957,288,682,1/23/2021,3/27/2021
958,168,893,2/11/2021,1/27/2021
959,212,345,7/29/2021,5/23/2021
960,385,167,6/1/2021,9/27/2021
961,10,295,8/24/2021,11/23/2020
962,353,582,7/9/2021,1/1/2021
963,304,721,12/5/2020,9/14/2021
964,252,706,4/1/2021,5/20/2021
965,63,603,5/31/2021,3/6/2021
966,399,458,9/1/2021,4/20/2021
967,155,516,4/16/2021,12/18/2020
968,233,966,12/24/2020,10/3/2021
969,24,203,7/31/2021,4/11/2021
970,392,844,6/19/2021,4/23/2021
971,26,596,3/7/2021,8/23/2021
972,224,733,11/18/2020,3/3/2021
973,292,264,9/16/2021,6/20/2021
974,223,108,8/13/2021,8/11/2021
975,318,188,9/18/2021,11/25/2020
976,21,78,2/18/2021,12/2/2020
977,447,484,6/12/2021,10/15/2021
978,451,984,8/3/2021,12/26/2020
979,212,135,4/23/2021,1/6/2021
980,453,28,4/28/2021,9/4/2021
981,458,426,12/28/2020,10/25/2020
982,27,529,1/15/2021,9/21/2021
983,115,902,5/24/2021,5/18/2021
984,443,394,4/28/2021,9/7/2021
985,295,507,7/30/2021,11/28/2020
986,233,929,3/16/2021,2/17/2021
987,127,500,12/17/2020,5/10/2021
988,401,733,6/18/2021,9/3/2021
989,383,493,6/19/2021,10/22/2020
990,187,581,9/11/2021,10/25/2020
991,341,205,7/8/2021,2/14/2021
992,143,405,6/26/2021,3/20/2021
993,219,227,5/20/2021,3/5/2021
994,22,503,7/2/2021,8/14/2021
995,62,878,2/12/2021,4/7/2021
996,88,814,1/26/2021,4/26/2021
997,14,758,10/20/2020,10/14/2021
998,367,267,6/24/2021,1/14/2021
999,214,954,5/19/2021,11/14/2020
1000,356,739,10/31/2020,10/8/2021
